starttime	seconds	ctime	dtime	ttime	wait
Thu Sep 19 15:57:06 2024	1726775826	0	2	2	2
Thu Sep 19 15:57:06 2024	1726775826	1	1	2	1
Thu Sep 19 15:57:06 2024	1726775826	1	2	3	2
Thu Sep 19 15:57:06 2024	1726775826	0	3	3	3
Thu Sep 19 15:57:06 2024	1726775826	0	3	4	3
Thu Sep 19 15:57:06 2024	1726775826	1	3	4	3
Thu Sep 19 15:57:06 2024	1726775826	0	4	4	4
Thu Sep 19 15:57:06 2024	1726775826	0	4	4	4
Thu Sep 19 15:57:06 2024	1726775826	0	4	4	4
Thu Sep 19 15:57:06 2024	1726775826	0	4	4	4
Thu Sep 19 15:57:06 2024	1726775826	1	4	4	4
Thu Sep 19 15:57:06 2024	1726775826	0	4	5	4
Thu Sep 19 15:57:06 2024	1726775826	0	4	5	4
Thu Sep 19 15:57:06 2024	1726775826	0	5	5	5
Thu Sep 19 15:57:06 2024	1726775826	0	5	5	5
Thu Sep 19 15:57:06 2024	1726775826	0	5	5	5
Thu Sep 19 15:57:06 2024	1726775826	0	5	5	5
Thu Sep 19 15:57:06 2024	1726775826	0	5	5	5
Thu Sep 19 15:57:06 2024	1726775826	0	5	5	5
Thu Sep 19 15:57:06 2024	1726775826	0	5	5	5
Thu Sep 19 15:57:06 2024	1726775826	0	5	5	5
Thu Sep 19 15:57:06 2024	1726775826	0	5	5	5
Thu Sep 19 15:57:06 2024	1726775826	0	5	5	5
Thu Sep 19 15:57:06 2024	1726775826	1	5	5	4
Thu Sep 19 15:57:06 2024	1726775826	0	5	5	5
Thu Sep 19 15:57:06 2024	1726775826	0	5	5	5
Thu Sep 19 15:57:06 2024	1726775826	0	5	5	5
Thu Sep 19 15:57:06 2024	1726775826	0	5	5	5
Thu Sep 19 15:57:06 2024	1726775826	0	5	5	5
Thu Sep 19 15:57:06 2024	1726775826	0	5	5	5
Thu Sep 19 15:57:06 2024	1726775826	0	5	5	5
Thu Sep 19 15:57:06 2024	1726775826	0	5	6	5
Thu Sep 19 15:57:06 2024	1726775826	0	5	6	5
Thu Sep 19 15:57:06 2024	1726775826	0	5	6	5
Thu Sep 19 15:57:06 2024	1726775826	0	6	6	5
Thu Sep 19 15:57:06 2024	1726775826	0	5	6	5
Thu Sep 19 15:57:06 2024	1726775826	0	6	6	6
Thu Sep 19 15:57:06 2024	1726775826	0	5	6	5
Thu Sep 19 15:57:06 2024	1726775826	0	6	6	5
Thu Sep 19 15:57:06 2024	1726775826	0	6	6	6
Thu Sep 19 15:57:06 2024	1726775826	0	5	6	5
Thu Sep 19 15:57:06 2024	1726775826	0	5	6	5
Thu Sep 19 15:57:06 2024	1726775826	0	6	6	5
Thu Sep 19 15:57:06 2024	1726775826	0	6	6	6
Thu Sep 19 15:57:06 2024	1726775826	0	6	6	6
Thu Sep 19 15:57:06 2024	1726775826	0	6	6	5
Thu Sep 19 15:57:06 2024	1726775826	0	6	6	5
Thu Sep 19 15:57:06 2024	1726775826	0	6	6	6
Thu Sep 19 15:57:06 2024	1726775826	0	6	6	6
Thu Sep 19 15:57:06 2024	1726775826	0	5	6	5
Thu Sep 19 15:57:06 2024	1726775826	0	6	6	6
Thu Sep 19 15:57:06 2024	1726775826	0	6	6	6
Thu Sep 19 15:57:06 2024	1726775826	0	6	6	5
Thu Sep 19 15:57:06 2024	1726775826	0	6	6	5
Thu Sep 19 15:57:06 2024	1726775826	0	6	6	5
Thu Sep 19 15:57:06 2024	1726775826	0	6	6	5
Thu Sep 19 15:57:06 2024	1726775826	0	6	6	6
Thu Sep 19 15:57:06 2024	1726775826	0	6	6	6
Thu Sep 19 15:57:05 2024	1726775825	0	6	6	6
Thu Sep 19 15:57:06 2024	1726775826	0	6	6	6
Thu Sep 19 15:57:06 2024	1726775826	0	6	6	6
Thu Sep 19 15:57:06 2024	1726775826	0	6	6	6
Thu Sep 19 15:57:06 2024	1726775826	0	6	6	5
Thu Sep 19 15:57:06 2024	1726775826	0	6	6	6
Thu Sep 19 15:57:06 2024	1726775826	0	6	6	6
Thu Sep 19 15:57:06 2024	1726775826	0	6	6	6
Thu Sep 19 15:57:06 2024	1726775826	0	6	6	6
Thu Sep 19 15:57:06 2024	1726775826	0	6	6	6
Thu Sep 19 15:57:06 2024	1726775826	0	6	6	6
Thu Sep 19 15:57:06 2024	1726775826	0	6	6	6
Thu Sep 19 15:57:06 2024	1726775826	0	6	6	6
Thu Sep 19 15:57:06 2024	1726775826	0	6	6	6
Thu Sep 19 15:57:06 2024	1726775826	0	6	6	6
Thu Sep 19 15:57:06 2024	1726775826	0	6	6	6
Thu Sep 19 15:57:06 2024	1726775826	0	6	6	6
Thu Sep 19 15:57:06 2024	1726775826	0	6	6	6
Thu Sep 19 15:57:06 2024	1726775826	0	6	6	6
Thu Sep 19 15:57:06 2024	1726775826	0	6	6	6
Thu Sep 19 15:57:06 2024	1726775826	0	6	6	6
Thu Sep 19 15:57:06 2024	1726775826	0	6	6	6
Thu Sep 19 15:57:06 2024	1726775826	0	6	6	6
Thu Sep 19 15:57:06 2024	1726775826	0	6	6	6
Thu Sep 19 15:57:06 2024	1726775826	0	6	6	6
Thu Sep 19 15:57:06 2024	1726775826	0	6	6	6
Thu Sep 19 15:57:06 2024	1726775826	0	6	6	6
Thu Sep 19 15:57:06 2024	1726775826	0	6	6	6
Thu Sep 19 15:57:06 2024	1726775826	0	6	6	6
Thu Sep 19 15:57:06 2024	1726775826	0	6	6	6
Thu Sep 19 15:57:06 2024	1726775826	0	6	7	6
Thu Sep 19 15:57:06 2024	1726775826	0	7	7	6
Thu Sep 19 15:57:06 2024	1726775826	0	7	7	6
Thu Sep 19 15:57:05 2024	1726775825	2	4	7	4
Thu Sep 19 15:57:06 2024	1726775826	0	7	7	6
Thu Sep 19 15:57:06 2024	1726775826	0	6	7	6
Thu Sep 19 15:57:06 2024	1726775826	0	7	7	6
Thu Sep 19 15:57:06 2024	1726775826	1	6	7	6
Thu Sep 19 15:57:06 2024	1726775826	0	7	7	6
Thu Sep 19 15:57:06 2024	1726775826	0	7	7	6
Thu Sep 19 15:57:06 2024	1726775826	0	7	7	6
Thu Sep 19 15:57:06 2024	1726775826	0	6	7	6
Thu Sep 19 15:57:06 2024	1726775826	0	7	7	7
Thu Sep 19 15:57:06 2024	1726775826	0	7	7	6
Thu Sep 19 15:57:06 2024	1726775826	0	7	7	7
Thu Sep 19 15:57:06 2024	1726775826	0	7	7	7
Thu Sep 19 15:57:06 2024	1726775826	0	7	7	6
Thu Sep 19 15:57:06 2024	1726775826	0	7	7	7
Thu Sep 19 15:57:06 2024	1726775826	0	7	7	6
Thu Sep 19 15:57:06 2024	1726775826	0	7	7	6
Thu Sep 19 15:57:06 2024	1726775826	0	7	7	6
Thu Sep 19 15:57:06 2024	1726775826	1	6	7	6
Thu Sep 19 15:57:06 2024	1726775826	0	7	7	7
Thu Sep 19 15:57:06 2024	1726775826	0	7	7	7
Thu Sep 19 15:57:06 2024	1726775826	0	7	7	7
Thu Sep 19 15:57:06 2024	1726775826	0	7	7	7
Thu Sep 19 15:57:05 2024	1726775825	0	7	7	7
Thu Sep 19 15:57:06 2024	1726775826	0	6	7	6
Thu Sep 19 15:57:06 2024	1726775826	0	7	7	7
Thu Sep 19 15:57:06 2024	1726775826	0	7	7	7
Thu Sep 19 15:57:06 2024	1726775826	0	7	7	7
Thu Sep 19 15:57:06 2024	1726775826	0	7	7	7
Thu Sep 19 15:57:06 2024	1726775826	0	7	7	7
Thu Sep 19 15:57:06 2024	1726775826	0	7	7	7
Thu Sep 19 15:57:06 2024	1726775826	0	7	7	7
Thu Sep 19 15:57:06 2024	1726775826	0	7	7	7
Thu Sep 19 15:57:06 2024	1726775826	0	7	7	7
Thu Sep 19 15:57:06 2024	1726775826	0	7	7	7
Thu Sep 19 15:57:06 2024	1726775826	0	7	7	7
Thu Sep 19 15:57:06 2024	1726775826	0	7	7	7
Thu Sep 19 15:57:06 2024	1726775826	0	7	7	7
Thu Sep 19 15:57:06 2024	1726775826	0	7	7	7
Thu Sep 19 15:57:06 2024	1726775826	0	7	7	7
Thu Sep 19 15:57:06 2024	1726775826	0	7	7	7
Thu Sep 19 15:57:06 2024	1726775826	0	7	7	7
Thu Sep 19 15:57:06 2024	1726775826	0	7	7	7
Thu Sep 19 15:57:06 2024	1726775826	0	7	7	7
Thu Sep 19 15:57:06 2024	1726775826	0	7	7	7
Thu Sep 19 15:57:06 2024	1726775826	0	7	7	7
Thu Sep 19 15:57:06 2024	1726775826	4	3	7	3
Thu Sep 19 15:57:06 2024	1726775826	0	7	7	7
Thu Sep 19 15:57:06 2024	1726775826	0	7	7	7
Thu Sep 19 15:57:06 2024	1726775826	0	7	7	7
Thu Sep 19 15:57:06 2024	1726775826	0	7	7	7
Thu Sep 19 15:57:06 2024	1726775826	0	7	7	7
Thu Sep 19 15:57:06 2024	1726775826	0	7	7	7
Thu Sep 19 15:57:06 2024	1726775826	0	7	7	7
Thu Sep 19 15:57:06 2024	1726775826	0	7	7	7
Thu Sep 19 15:57:06 2024	1726775826	0	7	7	7
Thu Sep 19 15:57:06 2024	1726775826	0	7	7	7
Thu Sep 19 15:57:06 2024	1726775826	0	7	7	7
Thu Sep 19 15:57:06 2024	1726775826	0	7	7	7
Thu Sep 19 15:57:06 2024	1726775826	0	7	7	7
Thu Sep 19 15:57:06 2024	1726775826	0	7	7	7
Thu Sep 19 15:57:06 2024	1726775826	0	7	7	7
Thu Sep 19 15:57:06 2024	1726775826	0	7	7	7
Thu Sep 19 15:57:06 2024	1726775826	0	7	7	7
Thu Sep 19 15:57:06 2024	1726775826	0	7	8	7
Thu Sep 19 15:57:06 2024	1726775826	0	7	8	7
Thu Sep 19 15:57:06 2024	1726775826	0	7	8	7
Thu Sep 19 15:57:06 2024	1726775826	0	7	8	7
Thu Sep 19 15:57:06 2024	1726775826	0	7	8	7
Thu Sep 19 15:57:06 2024	1726775826	0	7	8	7
Thu Sep 19 15:57:06 2024	1726775826	0	7	8	7
Thu Sep 19 15:57:06 2024	1726775826	0	7	8	7
Thu Sep 19 15:57:06 2024	1726775826	0	7	8	7
Thu Sep 19 15:57:06 2024	1726775826	0	7	8	7
Thu Sep 19 15:57:06 2024	1726775826	0	8	8	7
Thu Sep 19 15:57:06 2024	1726775826	0	7	8	7
Thu Sep 19 15:57:06 2024	1726775826	0	7	8	7
Thu Sep 19 15:57:06 2024	1726775826	0	7	8	7
Thu Sep 19 15:57:06 2024	1726775826	0	8	8	7
Thu Sep 19 15:57:06 2024	1726775826	0	7	8	7
Thu Sep 19 15:57:06 2024	1726775826	0	8	8	7
Thu Sep 19 15:57:06 2024	1726775826	4	4	8	4
Thu Sep 19 15:57:06 2024	1726775826	0	8	8	7
Thu Sep 19 15:57:05 2024	1726775825	0	8	8	7
Thu Sep 19 15:57:06 2024	1726775826	1	7	8	7
Thu Sep 19 15:57:05 2024	1726775825	0	8	8	7
Thu Sep 19 15:57:06 2024	1726775826	0	8	8	8
Thu Sep 19 15:57:06 2024	1726775826	0	8	8	8
Thu Sep 19 15:57:06 2024	1726775826	0	8	8	8
Thu Sep 19 15:57:06 2024	1726775826	0	7	8	7
Thu Sep 19 15:57:06 2024	1726775826	0	8	8	8
Thu Sep 19 15:57:06 2024	1726775826	0	7	8	7
Thu Sep 19 15:57:06 2024	1726775826	0	7	8	5
Thu Sep 19 15:57:06 2024	1726775826	1	7	8	7
Thu Sep 19 15:57:06 2024	1726775826	0	8	8	8
Thu Sep 19 15:57:06 2024	1726775826	0	8	8	8
Thu Sep 19 15:57:06 2024	1726775826	0	8	8	8
Thu Sep 19 15:57:06 2024	1726775826	0	8	8	8
Thu Sep 19 15:57:06 2024	1726775826	0	8	8	7
Thu Sep 19 15:57:06 2024	1726775826	0	8	8	8
Thu Sep 19 15:57:06 2024	1726775826	0	8	8	8
Thu Sep 19 15:57:06 2024	1726775826	0	8	8	8
Thu Sep 19 15:57:06 2024	1726775826	0	8	8	8
Thu Sep 19 15:57:06 2024	1726775826	0	8	8	8
Thu Sep 19 15:57:06 2024	1726775826	0	8	8	8
Thu Sep 19 15:57:05 2024	1726775825	0	8	8	8
Thu Sep 19 15:57:06 2024	1726775826	0	8	8	8
Thu Sep 19 15:57:06 2024	1726775826	0	8	8	8
Thu Sep 19 15:57:06 2024	1726775826	0	8	8	8
Thu Sep 19 15:57:06 2024	1726775826	1	7	8	5
Thu Sep 19 15:57:06 2024	1726775826	0	8	8	8
Thu Sep 19 15:57:06 2024	1726775826	0	8	8	8
Thu Sep 19 15:57:06 2024	1726775826	0	8	8	8
Thu Sep 19 15:57:06 2024	1726775826	0	8	8	7
Thu Sep 19 15:57:06 2024	1726775826	0	8	8	8
Thu Sep 19 15:57:06 2024	1726775826	0	8	8	8
Thu Sep 19 15:57:05 2024	1726775825	0	8	8	8
Thu Sep 19 15:57:06 2024	1726775826	0	8	8	8
Thu Sep 19 15:57:05 2024	1726775825	0	8	8	8
Thu Sep 19 15:57:06 2024	1726775826	0	8	8	8
Thu Sep 19 15:57:06 2024	1726775826	0	8	8	8
Thu Sep 19 15:57:06 2024	1726775826	0	8	8	8
Thu Sep 19 15:57:06 2024	1726775826	0	8	8	8
Thu Sep 19 15:57:06 2024	1726775826	0	8	8	8
Thu Sep 19 15:57:06 2024	1726775826	0	8	8	8
Thu Sep 19 15:57:06 2024	1726775826	0	8	8	8
Thu Sep 19 15:57:06 2024	1726775826	0	8	8	8
Thu Sep 19 15:57:05 2024	1726775825	0	8	8	8
Thu Sep 19 15:57:06 2024	1726775826	0	8	8	8
Thu Sep 19 15:57:06 2024	1726775826	1	8	8	7
Thu Sep 19 15:57:05 2024	1726775825	0	8	8	8
Thu Sep 19 15:57:06 2024	1726775826	0	8	8	8
Thu Sep 19 15:57:06 2024	1726775826	0	8	8	8
Thu Sep 19 15:57:05 2024	1726775825	0	8	8	8
Thu Sep 19 15:57:06 2024	1726775826	0	8	8	8
Thu Sep 19 15:57:06 2024	1726775826	0	8	8	8
Thu Sep 19 15:57:06 2024	1726775826	0	8	8	8
Thu Sep 19 15:57:06 2024	1726775826	0	8	8	8
Thu Sep 19 15:57:06 2024	1726775826	0	8	8	8
Thu Sep 19 15:57:06 2024	1726775826	0	8	8	8
Thu Sep 19 15:57:06 2024	1726775826	0	8	8	8
Thu Sep 19 15:57:06 2024	1726775826	0	8	8	6
Thu Sep 19 15:57:06 2024	1726775826	0	8	8	8
Thu Sep 19 15:57:06 2024	1726775826	0	8	8	8
Thu Sep 19 15:57:05 2024	1726775825	0	8	8	8
Thu Sep 19 15:57:06 2024	1726775826	0	8	8	8
Thu Sep 19 15:57:05 2024	1726775825	0	8	8	8
Thu Sep 19 15:57:06 2024	1726775826	0	8	8	8
Thu Sep 19 15:57:06 2024	1726775826	0	8	8	8
Thu Sep 19 15:57:06 2024	1726775826	0	8	8	8
Thu Sep 19 15:57:05 2024	1726775825	0	8	8	8
Thu Sep 19 15:57:06 2024	1726775826	0	8	8	8
Thu Sep 19 15:57:06 2024	1726775826	0	8	8	8
Thu Sep 19 15:57:06 2024	1726775826	0	8	8	8
Thu Sep 19 15:57:06 2024	1726775826	0	8	8	8
Thu Sep 19 15:57:05 2024	1726775825	0	8	8	8
Thu Sep 19 15:57:06 2024	1726775826	0	8	8	8
Thu Sep 19 15:57:06 2024	1726775826	0	8	8	6
Thu Sep 19 15:57:05 2024	1726775825	0	8	8	8
Thu Sep 19 15:57:06 2024	1726775826	0	8	8	8
Thu Sep 19 15:57:06 2024	1726775826	0	8	8	8
Thu Sep 19 15:57:06 2024	1726775826	0	8	8	8
Thu Sep 19 15:57:06 2024	1726775826	0	8	8	8
Thu Sep 19 15:57:05 2024	1726775825	0	8	8	8
Thu Sep 19 15:57:06 2024	1726775826	0	8	8	8
Thu Sep 19 15:57:05 2024	1726775825	2	6	8	6
Thu Sep 19 15:57:06 2024	1726775826	0	8	8	8
Thu Sep 19 15:57:06 2024	1726775826	0	8	8	8
Thu Sep 19 15:57:06 2024	1726775826	0	8	8	8
Thu Sep 19 15:57:06 2024	1726775826	0	8	8	8
Thu Sep 19 15:57:06 2024	1726775826	0	8	8	8
Thu Sep 19 15:57:06 2024	1726775826	0	8	8	8
Thu Sep 19 15:57:05 2024	1726775825	0	8	8	8
Thu Sep 19 15:57:06 2024	1726775826	2	6	8	6
Thu Sep 19 15:57:06 2024	1726775826	0	8	8	8
Thu Sep 19 15:57:06 2024	1726775826	0	8	9	8
Thu Sep 19 15:57:06 2024	1726775826	0	8	9	8
Thu Sep 19 15:57:06 2024	1726775826	0	8	9	8
Thu Sep 19 15:57:06 2024	1726775826	0	8	9	8
Thu Sep 19 15:57:06 2024	1726775826	0	8	9	8
Thu Sep 19 15:57:06 2024	1726775826	0	8	9	8
Thu Sep 19 15:57:06 2024	1726775826	0	8	9	8
Thu Sep 19 15:57:06 2024	1726775826	0	8	9	8
Thu Sep 19 15:57:06 2024	1726775826	0	8	9	8
Thu Sep 19 15:57:06 2024	1726775826	0	9	9	8
Thu Sep 19 15:57:06 2024	1726775826	0	9	9	8
Thu Sep 19 15:57:06 2024	1726775826	0	8	9	8
Thu Sep 19 15:57:06 2024	1726775826	0	9	9	8
Thu Sep 19 15:57:06 2024	1726775826	0	9	9	8
Thu Sep 19 15:57:06 2024	1726775826	0	9	9	8
Thu Sep 19 15:57:05 2024	1726775825	0	9	9	8
Thu Sep 19 15:57:06 2024	1726775826	0	9	9	7
Thu Sep 19 15:57:06 2024	1726775826	0	9	9	8
Thu Sep 19 15:57:06 2024	1726775826	0	8	9	8
Thu Sep 19 15:57:06 2024	1726775826	0	9	9	8
Thu Sep 19 15:57:06 2024	1726775826	0	9	9	9
Thu Sep 19 15:57:06 2024	1726775826	0	9	9	8
Thu Sep 19 15:57:06 2024	1726775826	0	9	9	8
Thu Sep 19 15:57:06 2024	1726775826	0	9	9	9
Thu Sep 19 15:57:06 2024	1726775826	0	9	9	9
Thu Sep 19 15:57:06 2024	1726775826	0	9	9	8
Thu Sep 19 15:57:06 2024	1726775826	0	9	9	8
Thu Sep 19 15:57:05 2024	1726775825	0	9	9	9
Thu Sep 19 15:57:06 2024	1726775826	0	9	9	9
Thu Sep 19 15:57:06 2024	1726775826	0	9	9	9
Thu Sep 19 15:57:06 2024	1726775826	0	8	9	8
Thu Sep 19 15:57:06 2024	1726775826	0	9	9	8
Thu Sep 19 15:57:06 2024	1726775826	0	9	9	8
Thu Sep 19 15:57:06 2024	1726775826	0	9	9	9
Thu Sep 19 15:57:06 2024	1726775826	0	9	9	9
Thu Sep 19 15:57:06 2024	1726775826	0	8	9	8
Thu Sep 19 15:57:05 2024	1726775825	0	9	9	9
Thu Sep 19 15:57:06 2024	1726775826	0	9	9	9
Thu Sep 19 15:57:06 2024	1726775826	0	9	9	9
Thu Sep 19 15:57:06 2024	1726775826	0	9	9	9
Thu Sep 19 15:57:06 2024	1726775826	0	9	9	8
Thu Sep 19 15:57:05 2024	1726775825	0	9	9	9
Thu Sep 19 15:57:06 2024	1726775826	0	9	9	9
Thu Sep 19 15:57:06 2024	1726775826	0	8	9	8
Thu Sep 19 15:57:05 2024	1726775825	0	9	9	9
Thu Sep 19 15:57:06 2024	1726775826	0	9	9	9
Thu Sep 19 15:57:05 2024	1726775825	0	9	9	9
Thu Sep 19 15:57:06 2024	1726775826	0	9	9	8
Thu Sep 19 15:57:06 2024	1726775826	0	9	9	6
Thu Sep 19 15:57:06 2024	1726775826	0	9	9	9
Thu Sep 19 15:57:05 2024	1726775825	0	9	9	9
Thu Sep 19 15:57:05 2024	1726775825	0	9	9	9
Thu Sep 19 15:57:06 2024	1726775826	0	9	9	9
Thu Sep 19 15:57:06 2024	1726775826	0	9	9	9
Thu Sep 19 15:57:05 2024	1726775825	0	9	9	9
Thu Sep 19 15:57:05 2024	1726775825	0	9	9	9
Thu Sep 19 15:57:06 2024	1726775826	0	9	9	9
Thu Sep 19 15:57:05 2024	1726775825	0	9	9	9
Thu Sep 19 15:57:06 2024	1726775826	0	9	9	9
Thu Sep 19 15:57:05 2024	1726775825	0	9	9	9
Thu Sep 19 15:57:05 2024	1726775825	0	9	9	9
Thu Sep 19 15:57:06 2024	1726775826	0	9	9	9
Thu Sep 19 15:57:06 2024	1726775826	0	9	9	9
Thu Sep 19 15:57:06 2024	1726775826	0	9	9	8
Thu Sep 19 15:57:06 2024	1726775826	0	9	9	9
Thu Sep 19 15:57:05 2024	1726775825	0	9	9	9
Thu Sep 19 15:57:06 2024	1726775826	0	9	9	9
Thu Sep 19 15:57:06 2024	1726775826	0	9	9	9
Thu Sep 19 15:57:06 2024	1726775826	0	9	9	9
Thu Sep 19 15:57:06 2024	1726775826	0	9	9	9
Thu Sep 19 15:57:06 2024	1726775826	0	9	9	9
Thu Sep 19 15:57:05 2024	1726775825	0	9	9	9
Thu Sep 19 15:57:06 2024	1726775826	0	9	9	9
Thu Sep 19 15:57:06 2024	1726775826	0	9	9	9
Thu Sep 19 15:57:06 2024	1726775826	0	9	9	9
Thu Sep 19 15:57:06 2024	1726775826	0	9	9	9
Thu Sep 19 15:57:05 2024	1726775825	0	9	9	9
Thu Sep 19 15:57:06 2024	1726775826	0	9	9	9
Thu Sep 19 15:57:05 2024	1726775825	0	9	9	9
Thu Sep 19 15:57:06 2024	1726775826	0	9	9	9
Thu Sep 19 15:57:06 2024	1726775826	0	9	9	9
Thu Sep 19 15:57:06 2024	1726775826	0	9	9	9
Thu Sep 19 15:57:06 2024	1726775826	0	9	9	9
Thu Sep 19 15:57:06 2024	1726775826	0	9	9	9
Thu Sep 19 15:57:05 2024	1726775825	0	9	9	9
Thu Sep 19 15:57:06 2024	1726775826	0	9	9	9
Thu Sep 19 15:57:06 2024	1726775826	0	9	9	9
Thu Sep 19 15:57:06 2024	1726775826	0	9	9	9
Thu Sep 19 15:57:06 2024	1726775826	0	9	9	9
Thu Sep 19 15:57:06 2024	1726775826	0	9	9	9
Thu Sep 19 15:57:06 2024	1726775826	0	9	9	9
Thu Sep 19 15:57:06 2024	1726775826	0	9	9	9
Thu Sep 19 15:57:06 2024	1726775826	0	9	9	9
Thu Sep 19 15:57:06 2024	1726775826	0	9	9	9
Thu Sep 19 15:57:06 2024	1726775826	0	9	9	9
Thu Sep 19 15:57:06 2024	1726775826	0	9	9	9
Thu Sep 19 15:57:06 2024	1726775826	0	9	9	9
Thu Sep 19 15:57:06 2024	1726775826	0	9	9	9
Thu Sep 19 15:57:06 2024	1726775826	0	9	9	9
Thu Sep 19 15:57:06 2024	1726775826	0	9	9	9
Thu Sep 19 15:57:06 2024	1726775826	0	9	9	9
Thu Sep 19 15:57:06 2024	1726775826	0	9	9	9
Thu Sep 19 15:57:06 2024	1726775826	0	9	9	8
Thu Sep 19 15:57:05 2024	1726775825	0	9	9	9
Thu Sep 19 15:57:06 2024	1726775826	0	9	9	9
Thu Sep 19 15:57:06 2024	1726775826	0	9	9	9
Thu Sep 19 15:57:06 2024	1726775826	0	9	9	8
Thu Sep 19 15:57:06 2024	1726775826	0	9	10	9
Thu Sep 19 15:57:06 2024	1726775826	0	9	10	9
Thu Sep 19 15:57:06 2024	1726775826	0	9	10	9
Thu Sep 19 15:57:06 2024	1726775826	0	9	10	9
Thu Sep 19 15:57:06 2024	1726775826	0	9	10	9
Thu Sep 19 15:57:05 2024	1726775825	0	9	10	9
Thu Sep 19 15:57:05 2024	1726775825	2	8	10	7
Thu Sep 19 15:57:06 2024	1726775826	0	10	10	10
Thu Sep 19 15:57:06 2024	1726775826	0	9	10	6
Thu Sep 19 15:57:06 2024	1726775826	0	10	10	9
Thu Sep 19 15:57:05 2024	1726775825	0	10	10	9
Thu Sep 19 15:57:06 2024	1726775826	0	9	10	9
Thu Sep 19 15:57:06 2024	1726775826	0	9	10	9
Thu Sep 19 15:57:06 2024	1726775826	0	10	10	9
Thu Sep 19 15:57:05 2024	1726775825	0	10	10	9
Thu Sep 19 15:57:06 2024	1726775826	2	8	10	7
Thu Sep 19 15:57:06 2024	1726775826	0	10	10	8
Thu Sep 19 15:57:05 2024	1726775825	0	10	10	10
Thu Sep 19 15:57:06 2024	1726775826	0	10	10	9
Thu Sep 19 15:57:05 2024	1726775825	0	10	10	9
Thu Sep 19 15:57:05 2024	1726775825	0	10	10	10
Thu Sep 19 15:57:06 2024	1726775826	0	10	10	9
Thu Sep 19 15:57:06 2024	1726775826	0	10	10	10
Thu Sep 19 15:57:06 2024	1726775826	0	10	10	10
Thu Sep 19 15:57:06 2024	1726775826	0	10	10	10
Thu Sep 19 15:57:05 2024	1726775825	0	10	10	10
Thu Sep 19 15:57:06 2024	1726775826	0	10	10	9
Thu Sep 19 15:57:06 2024	1726775826	0	10	10	9
Thu Sep 19 15:57:06 2024	1726775826	0	10	10	9
Thu Sep 19 15:57:06 2024	1726775826	0	10	10	9
Thu Sep 19 15:57:06 2024	1726775826	0	10	10	9
Thu Sep 19 15:57:06 2024	1726775826	0	10	10	9
Thu Sep 19 15:57:06 2024	1726775826	0	10	10	9
Thu Sep 19 15:57:06 2024	1726775826	0	10	10	10
Thu Sep 19 15:57:06 2024	1726775826	0	10	10	10
Thu Sep 19 15:57:06 2024	1726775826	0	10	10	9
Thu Sep 19 15:57:06 2024	1726775826	0	10	10	10
Thu Sep 19 15:57:05 2024	1726775825	0	10	10	10
Thu Sep 19 15:57:06 2024	1726775826	0	10	10	8
Thu Sep 19 15:57:06 2024	1726775826	0	10	10	10
Thu Sep 19 15:57:06 2024	1726775826	0	10	10	10
Thu Sep 19 15:57:06 2024	1726775826	0	10	10	10
Thu Sep 19 15:57:06 2024	1726775826	0	10	10	10
Thu Sep 19 15:57:06 2024	1726775826	0	10	10	10
Thu Sep 19 15:57:06 2024	1726775826	0	10	10	10
Thu Sep 19 15:57:06 2024	1726775826	0	10	10	9
Thu Sep 19 15:57:06 2024	1726775826	0	10	10	10
Thu Sep 19 15:57:06 2024	1726775826	0	10	10	10
Thu Sep 19 15:57:06 2024	1726775826	0	10	10	10
Thu Sep 19 15:57:06 2024	1726775826	0	10	10	10
Thu Sep 19 15:57:06 2024	1726775826	0	10	10	9
Thu Sep 19 15:57:06 2024	1726775826	0	10	10	10
Thu Sep 19 15:57:05 2024	1726775825	0	10	10	10
Thu Sep 19 15:57:05 2024	1726775825	0	10	10	9
Thu Sep 19 15:57:06 2024	1726775826	0	10	10	10
Thu Sep 19 15:57:06 2024	1726775826	0	10	10	10
Thu Sep 19 15:57:06 2024	1726775826	0	10	10	10
Thu Sep 19 15:57:06 2024	1726775826	0	10	10	10
Thu Sep 19 15:57:06 2024	1726775826	0	10	10	10
Thu Sep 19 15:57:06 2024	1726775826	0	10	10	9
Thu Sep 19 15:57:06 2024	1726775826	0	10	10	10
Thu Sep 19 15:57:06 2024	1726775826	0	10	10	10
Thu Sep 19 15:57:06 2024	1726775826	0	10	10	10
Thu Sep 19 15:57:06 2024	1726775826	0	10	10	10
Thu Sep 19 15:57:06 2024	1726775826	0	10	10	10
Thu Sep 19 15:57:06 2024	1726775826	0	10	10	10
Thu Sep 19 15:57:06 2024	1726775826	0	10	10	10
Thu Sep 19 15:57:06 2024	1726775826	0	10	10	10
Thu Sep 19 15:57:06 2024	1726775826	0	10	10	10
Thu Sep 19 15:57:06 2024	1726775826	0	10	10	10
Thu Sep 19 15:57:06 2024	1726775826	0	10	10	10
Thu Sep 19 15:57:06 2024	1726775826	0	10	10	10
Thu Sep 19 15:57:05 2024	1726775825	0	10	10	10
Thu Sep 19 15:57:05 2024	1726775825	0	10	10	10
Thu Sep 19 15:57:06 2024	1726775826	0	10	10	10
Thu Sep 19 15:57:06 2024	1726775826	0	10	10	10
Thu Sep 19 15:57:06 2024	1726775826	0	10	10	10
Thu Sep 19 15:57:06 2024	1726775826	0	10	10	10
Thu Sep 19 15:57:06 2024	1726775826	0	10	10	10
Thu Sep 19 15:57:05 2024	1726775825	0	10	10	10
Thu Sep 19 15:57:06 2024	1726775826	0	10	10	10
Thu Sep 19 15:57:06 2024	1726775826	0	10	10	10
Thu Sep 19 15:57:06 2024	1726775826	0	10	10	10
Thu Sep 19 15:57:06 2024	1726775826	0	10	10	10
Thu Sep 19 15:57:06 2024	1726775826	0	10	10	10
Thu Sep 19 15:57:06 2024	1726775826	0	10	10	10
Thu Sep 19 15:57:06 2024	1726775826	0	10	10	10
Thu Sep 19 15:57:06 2024	1726775826	0	10	10	10
Thu Sep 19 15:57:06 2024	1726775826	0	10	11	10
Thu Sep 19 15:57:05 2024	1726775825	0	10	11	10
Thu Sep 19 15:57:05 2024	1726775825	0	10	11	10
Thu Sep 19 15:57:06 2024	1726775826	0	10	11	10
Thu Sep 19 15:57:06 2024	1726775826	0	10	11	10
Thu Sep 19 15:57:06 2024	1726775826	0	10	11	10
Thu Sep 19 15:57:05 2024	1726775825	0	10	11	10
Thu Sep 19 15:57:06 2024	1726775826	0	10	11	10
Thu Sep 19 15:57:05 2024	1726775825	0	10	11	10
Thu Sep 19 15:57:06 2024	1726775826	0	10	11	10
Thu Sep 19 15:57:06 2024	1726775826	0	11	11	11
Thu Sep 19 15:57:05 2024	1726775825	0	11	11	10
Thu Sep 19 15:57:05 2024	1726775825	0	10	11	10
Thu Sep 19 15:57:06 2024	1726775826	0	11	11	10
Thu Sep 19 15:57:06 2024	1726775826	0	11	11	10
Thu Sep 19 15:57:05 2024	1726775825	0	11	11	10
Thu Sep 19 15:57:06 2024	1726775826	0	11	11	10
Thu Sep 19 15:57:06 2024	1726775826	0	11	11	10
Thu Sep 19 15:57:06 2024	1726775826	0	11	11	11
Thu Sep 19 15:57:06 2024	1726775826	0	11	11	11
Thu Sep 19 15:57:06 2024	1726775826	0	11	11	10
Thu Sep 19 15:57:06 2024	1726775826	0	11	11	11
Thu Sep 19 15:57:06 2024	1726775826	0	11	11	10
Thu Sep 19 15:57:06 2024	1726775826	0	11	11	10
Thu Sep 19 15:57:05 2024	1726775825	0	11	11	11
Thu Sep 19 15:57:06 2024	1726775826	0	11	11	11
Thu Sep 19 15:57:06 2024	1726775826	0	11	11	11
Thu Sep 19 15:57:06 2024	1726775826	0	11	11	11
Thu Sep 19 15:57:06 2024	1726775826	0	11	11	10
Thu Sep 19 15:57:06 2024	1726775826	0	11	11	10
Thu Sep 19 15:57:06 2024	1726775826	0	11	11	11
Thu Sep 19 15:57:06 2024	1726775826	0	11	11	11
Thu Sep 19 15:57:05 2024	1726775825	0	11	11	11
Thu Sep 19 15:57:06 2024	1726775826	0	11	11	11
Thu Sep 19 15:57:06 2024	1726775826	0	11	11	11
Thu Sep 19 15:57:05 2024	1726775825	0	11	11	11
Thu Sep 19 15:57:05 2024	1726775825	0	11	11	11
Thu Sep 19 15:57:06 2024	1726775826	0	11	11	11
Thu Sep 19 15:57:06 2024	1726775826	0	11	11	11
Thu Sep 19 15:57:06 2024	1726775826	0	11	11	11
Thu Sep 19 15:57:05 2024	1726775825	0	11	11	11
Thu Sep 19 15:57:06 2024	1726775826	0	11	11	11
Thu Sep 19 15:57:05 2024	1726775825	0	11	11	11
Thu Sep 19 15:57:06 2024	1726775826	0	11	11	11
Thu Sep 19 15:57:05 2024	1726775825	0	11	11	11
Thu Sep 19 15:57:06 2024	1726775826	0	11	11	11
Thu Sep 19 15:57:05 2024	1726775825	0	11	11	11
Thu Sep 19 15:57:06 2024	1726775826	0	11	11	11
Thu Sep 19 15:57:06 2024	1726775826	0	11	11	11
Thu Sep 19 15:57:06 2024	1726775826	0	11	11	11
Thu Sep 19 15:57:06 2024	1726775826	0	11	11	10
Thu Sep 19 15:57:06 2024	1726775826	0	11	11	11
Thu Sep 19 15:57:05 2024	1726775825	0	11	11	11
Thu Sep 19 15:57:06 2024	1726775826	0	11	11	11
Thu Sep 19 15:57:06 2024	1726775826	0	11	11	11
Thu Sep 19 15:57:06 2024	1726775826	0	11	11	11
Thu Sep 19 15:57:05 2024	1726775825	0	11	11	11
Thu Sep 19 15:57:05 2024	1726775825	2	9	11	9
Thu Sep 19 15:57:05 2024	1726775825	0	11	11	11
Thu Sep 19 15:57:06 2024	1726775826	0	11	11	11
Thu Sep 19 15:57:06 2024	1726775826	0	11	11	11
Thu Sep 19 15:57:06 2024	1726775826	0	11	11	11
Thu Sep 19 15:57:05 2024	1726775825	0	11	11	11
Thu Sep 19 15:57:06 2024	1726775826	0	11	11	11
Thu Sep 19 15:57:06 2024	1726775826	0	11	11	11
Thu Sep 19 15:57:06 2024	1726775826	0	11	11	11
Thu Sep 19 15:57:05 2024	1726775825	0	11	11	11
Thu Sep 19 15:57:05 2024	1726775825	0	11	11	11
Thu Sep 19 15:57:06 2024	1726775826	0	11	11	11
Thu Sep 19 15:57:06 2024	1726775826	0	11	11	11
Thu Sep 19 15:57:05 2024	1726775825	0	11	11	11
Thu Sep 19 15:57:06 2024	1726775826	0	11	11	11
Thu Sep 19 15:57:06 2024	1726775826	0	11	11	11
Thu Sep 19 15:57:06 2024	1726775826	0	11	11	11
Thu Sep 19 15:57:05 2024	1726775825	0	11	11	11
Thu Sep 19 15:57:06 2024	1726775826	0	11	11	9
Thu Sep 19 15:57:06 2024	1726775826	0	11	11	11
Thu Sep 19 15:57:06 2024	1726775826	0	11	11	11
Thu Sep 19 15:57:06 2024	1726775826	0	11	11	11
Thu Sep 19 15:57:05 2024	1726775825	0	11	11	11
Thu Sep 19 15:57:06 2024	1726775826	0	11	11	11
Thu Sep 19 15:57:05 2024	1726775825	0	11	11	11
Thu Sep 19 15:57:05 2024	1726775825	0	11	11	11
Thu Sep 19 15:57:06 2024	1726775826	0	11	12	10
Thu Sep 19 15:57:05 2024	1726775825	0	11	12	11
Thu Sep 19 15:57:06 2024	1726775826	0	11	12	11
Thu Sep 19 15:57:06 2024	1726775826	0	12	12	10
Thu Sep 19 15:57:05 2024	1726775825	0	11	12	11
Thu Sep 19 15:57:05 2024	1726775825	0	12	12	11
Thu Sep 19 15:57:05 2024	1726775825	0	12	12	11
Thu Sep 19 15:57:05 2024	1726775825	0	12	12	11
Thu Sep 19 15:57:05 2024	1726775825	0	12	12	11
Thu Sep 19 15:57:05 2024	1726775825	0	12	12	11
Thu Sep 19 15:57:06 2024	1726775826	0	12	12	11
Thu Sep 19 15:57:06 2024	1726775826	0	11	12	11
Thu Sep 19 15:57:05 2024	1726775825	0	12	12	11
Thu Sep 19 15:57:06 2024	1726775826	0	12	12	11
Thu Sep 19 15:57:05 2024	1726775825	0	12	12	11
Thu Sep 19 15:57:06 2024	1726775826	0	12	12	12
Thu Sep 19 15:57:06 2024	1726775826	3	8	12	8
Thu Sep 19 15:57:06 2024	1726775826	0	12	12	11
Thu Sep 19 15:57:05 2024	1726775825	0	12	12	12
Thu Sep 19 15:57:05 2024	1726775825	0	12	12	11
Thu Sep 19 15:57:06 2024	1726775826	0	12	12	11
Thu Sep 19 15:57:05 2024	1726775825	0	12	12	11
Thu Sep 19 15:57:06 2024	1726775826	0	12	12	11
Thu Sep 19 15:57:06 2024	1726775826	0	12	12	11
Thu Sep 19 15:57:06 2024	1726775826	0	12	12	11
Thu Sep 19 15:57:05 2024	1726775825	0	12	12	11
Thu Sep 19 15:57:06 2024	1726775826	0	12	12	11
Thu Sep 19 15:57:06 2024	1726775826	0	12	12	10
Thu Sep 19 15:57:05 2024	1726775825	0	12	12	12
Thu Sep 19 15:57:06 2024	1726775826	0	12	12	11
Thu Sep 19 15:57:06 2024	1726775826	0	12	12	12
Thu Sep 19 15:57:06 2024	1726775826	0	12	12	11
Thu Sep 19 15:57:06 2024	1726775826	0	12	12	12
Thu Sep 19 15:57:05 2024	1726775825	0	12	12	12
Thu Sep 19 15:57:05 2024	1726775825	0	12	12	12
Thu Sep 19 15:57:06 2024	1726775826	0	12	12	11
Thu Sep 19 15:57:05 2024	1726775825	0	12	12	11
Thu Sep 19 15:57:05 2024	1726775825	0	12	12	12
Thu Sep 19 15:57:06 2024	1726775826	0	12	12	12
Thu Sep 19 15:57:05 2024	1726775825	0	12	12	12
Thu Sep 19 15:57:06 2024	1726775826	0	12	12	12
Thu Sep 19 15:57:06 2024	1726775826	0	12	12	12
Thu Sep 19 15:57:05 2024	1726775825	0	12	12	12
Thu Sep 19 15:57:06 2024	1726775826	0	12	12	11
Thu Sep 19 15:57:06 2024	1726775826	0	12	12	12
Thu Sep 19 15:57:06 2024	1726775826	0	12	12	12
Thu Sep 19 15:57:06 2024	1726775826	0	12	12	11
Thu Sep 19 15:57:06 2024	1726775826	0	12	12	11
Thu Sep 19 15:57:06 2024	1726775826	0	12	12	12
Thu Sep 19 15:57:06 2024	1726775826	0	12	12	12
Thu Sep 19 15:57:05 2024	1726775825	0	12	12	11
Thu Sep 19 15:57:05 2024	1726775825	0	12	12	12
Thu Sep 19 15:57:05 2024	1726775825	0	12	12	11
Thu Sep 19 15:57:06 2024	1726775826	0	12	12	12
Thu Sep 19 15:57:06 2024	1726775826	0	12	12	12
Thu Sep 19 15:57:05 2024	1726775825	0	12	12	12
Thu Sep 19 15:57:05 2024	1726775825	0	12	12	12
Thu Sep 19 15:57:06 2024	1726775826	0	12	12	12
Thu Sep 19 15:57:06 2024	1726775826	0	12	12	12
Thu Sep 19 15:57:06 2024	1726775826	0	12	12	12
Thu Sep 19 15:57:06 2024	1726775826	0	12	12	12
Thu Sep 19 15:57:05 2024	1726775825	0	12	12	11
Thu Sep 19 15:57:05 2024	1726775825	0	12	12	12
Thu Sep 19 15:57:05 2024	1726775825	0	12	12	12
Thu Sep 19 15:57:06 2024	1726775826	0	12	12	12
Thu Sep 19 15:57:06 2024	1726775826	0	12	12	12
Thu Sep 19 15:57:06 2024	1726775826	0	12	12	12
Thu Sep 19 15:57:06 2024	1726775826	0	12	12	12
Thu Sep 19 15:57:06 2024	1726775826	0	12	12	12
Thu Sep 19 15:57:06 2024	1726775826	0	12	12	12
Thu Sep 19 15:57:05 2024	1726775825	0	12	12	12
Thu Sep 19 15:57:05 2024	1726775825	0	12	12	12
Thu Sep 19 15:57:06 2024	1726775826	0	12	12	12
Thu Sep 19 15:57:06 2024	1726775826	0	12	12	10
Thu Sep 19 15:57:06 2024	1726775826	0	12	12	12
Thu Sep 19 15:57:06 2024	1726775826	0	12	12	12
Thu Sep 19 15:57:06 2024	1726775826	0	12	12	12
Thu Sep 19 15:57:06 2024	1726775826	0	12	12	12
Thu Sep 19 15:57:06 2024	1726775826	0	12	12	12
Thu Sep 19 15:57:06 2024	1726775826	0	12	12	12
Thu Sep 19 15:57:05 2024	1726775825	0	12	12	12
Thu Sep 19 15:57:05 2024	1726775825	1	11	12	11
Thu Sep 19 15:57:05 2024	1726775825	0	12	12	12
Thu Sep 19 15:57:05 2024	1726775825	0	12	12	12
Thu Sep 19 15:57:05 2024	1726775825	0	12	12	12
Thu Sep 19 15:57:06 2024	1726775826	0	12	12	12
Thu Sep 19 15:57:06 2024	1726775826	0	12	12	12
Thu Sep 19 15:57:06 2024	1726775826	0	12	13	12
Thu Sep 19 15:57:05 2024	1726775825	2	11	13	11
Thu Sep 19 15:57:06 2024	1726775826	0	12	13	12
Thu Sep 19 15:57:05 2024	1726775825	0	12	13	12
Thu Sep 19 15:57:06 2024	1726775826	0	12	13	10
Thu Sep 19 15:57:05 2024	1726775825	0	12	13	11
Thu Sep 19 15:57:06 2024	1726775826	0	12	13	12
Thu Sep 19 15:57:06 2024	1726775826	0	13	13	12
Thu Sep 19 15:57:05 2024	1726775825	0	13	13	13
Thu Sep 19 15:57:06 2024	1726775826	0	12	13	12
Thu Sep 19 15:57:06 2024	1726775826	0	13	13	12
Thu Sep 19 15:57:05 2024	1726775825	0	12	13	12
Thu Sep 19 15:57:06 2024	1726775826	0	13	13	12
Thu Sep 19 15:57:05 2024	1726775825	0	13	13	12
Thu Sep 19 15:57:05 2024	1726775825	0	13	13	12
Thu Sep 19 15:57:05 2024	1726775825	0	13	13	13
Thu Sep 19 15:57:06 2024	1726775826	0	13	13	13
Thu Sep 19 15:57:05 2024	1726775825	0	13	13	13
Thu Sep 19 15:57:06 2024	1726775826	0	13	13	13
Thu Sep 19 15:57:05 2024	1726775825	0	13	13	12
Thu Sep 19 15:57:06 2024	1726775826	0	13	13	11
Thu Sep 19 15:57:05 2024	1726775825	0	13	13	13
Thu Sep 19 15:57:06 2024	1726775826	0	13	13	13
Thu Sep 19 15:57:05 2024	1726775825	0	13	13	13
Thu Sep 19 15:57:06 2024	1726775826	0	13	13	13
Thu Sep 19 15:57:06 2024	1726775826	0	13	13	13
Thu Sep 19 15:57:05 2024	1726775825	0	13	13	13
Thu Sep 19 15:57:06 2024	1726775826	0	13	13	12
Thu Sep 19 15:57:05 2024	1726775825	0	13	13	13
Thu Sep 19 15:57:05 2024	1726775825	0	13	13	12
Thu Sep 19 15:57:05 2024	1726775825	0	13	13	13
Thu Sep 19 15:57:06 2024	1726775826	0	13	13	12
Thu Sep 19 15:57:05 2024	1726775825	0	13	13	13
Thu Sep 19 15:57:06 2024	1726775826	0	13	13	13
Thu Sep 19 15:57:06 2024	1726775826	0	13	13	11
Thu Sep 19 15:57:05 2024	1726775825	0	13	13	13
Thu Sep 19 15:57:06 2024	1726775826	0	13	13	12
Thu Sep 19 15:57:06 2024	1726775826	0	13	13	12
Thu Sep 19 15:57:05 2024	1726775825	0	13	13	13
Thu Sep 19 15:57:05 2024	1726775825	0	13	13	13
Thu Sep 19 15:57:05 2024	1726775825	0	13	13	13
Thu Sep 19 15:57:06 2024	1726775826	0	13	13	13
Thu Sep 19 15:57:06 2024	1726775826	0	13	13	13
Thu Sep 19 15:57:05 2024	1726775825	0	13	13	13
Thu Sep 19 15:57:06 2024	1726775826	0	13	13	13
Thu Sep 19 15:57:06 2024	1726775826	0	13	13	13
Thu Sep 19 15:57:05 2024	1726775825	0	13	13	13
Thu Sep 19 15:57:06 2024	1726775826	0	13	13	13
Thu Sep 19 15:57:05 2024	1726775825	0	13	13	13
Thu Sep 19 15:57:05 2024	1726775825	0	13	13	13
Thu Sep 19 15:57:06 2024	1726775826	0	13	13	13
Thu Sep 19 15:57:05 2024	1726775825	0	13	13	13
Thu Sep 19 15:57:06 2024	1726775826	0	13	13	13
Thu Sep 19 15:57:05 2024	1726775825	0	13	13	13
Thu Sep 19 15:57:06 2024	1726775826	0	13	13	13
Thu Sep 19 15:57:05 2024	1726775825	0	13	13	13
Thu Sep 19 15:57:05 2024	1726775825	0	13	13	13
Thu Sep 19 15:57:06 2024	1726775826	0	13	13	13
Thu Sep 19 15:57:05 2024	1726775825	0	13	13	13
Thu Sep 19 15:57:05 2024	1726775825	0	13	13	13
Thu Sep 19 15:57:05 2024	1726775825	0	13	13	13
Thu Sep 19 15:57:05 2024	1726775825	0	13	13	13
Thu Sep 19 15:57:05 2024	1726775825	0	13	13	13
Thu Sep 19 15:57:05 2024	1726775825	0	13	13	13
Thu Sep 19 15:57:05 2024	1726775825	0	13	13	13
Thu Sep 19 15:57:05 2024	1726775825	0	13	13	13
Thu Sep 19 15:57:06 2024	1726775826	0	13	13	13
Thu Sep 19 15:57:06 2024	1726775826	0	13	13	13
Thu Sep 19 15:57:06 2024	1726775826	0	13	13	13
Thu Sep 19 15:57:06 2024	1726775826	0	13	13	13
Thu Sep 19 15:57:05 2024	1726775825	0	13	13	13
Thu Sep 19 15:57:06 2024	1726775826	0	13	13	13
Thu Sep 19 15:57:05 2024	1726775825	0	13	13	13
Thu Sep 19 15:57:05 2024	1726775825	0	13	13	13
Thu Sep 19 15:57:06 2024	1726775826	0	13	13	13
Thu Sep 19 15:57:05 2024	1726775825	0	13	13	13
Thu Sep 19 15:57:06 2024	1726775826	0	13	13	11
Thu Sep 19 15:57:05 2024	1726775825	0	13	14	12
Thu Sep 19 15:57:05 2024	1726775825	0	13	14	13
Thu Sep 19 15:57:05 2024	1726775825	0	13	14	13
Thu Sep 19 15:57:05 2024	1726775825	0	13	14	13
Thu Sep 19 15:57:05 2024	1726775825	0	13	14	13
Thu Sep 19 15:57:06 2024	1726775826	0	14	14	13
Thu Sep 19 15:57:06 2024	1726775826	0	14	14	13
Thu Sep 19 15:57:06 2024	1726775826	0	13	14	13
Thu Sep 19 15:57:06 2024	1726775826	0	13	14	13
Thu Sep 19 15:57:05 2024	1726775825	0	13	14	13
Thu Sep 19 15:57:06 2024	1726775826	0	13	14	13
Thu Sep 19 15:57:05 2024	1726775825	0	14	14	14
Thu Sep 19 15:57:05 2024	1726775825	0	14	14	14
Thu Sep 19 15:57:06 2024	1726775826	0	14	14	14
Thu Sep 19 15:57:06 2024	1726775826	0	14	14	13
Thu Sep 19 15:57:05 2024	1726775825	0	14	14	13
Thu Sep 19 15:57:05 2024	1726775825	0	14	14	14
Thu Sep 19 15:57:06 2024	1726775826	0	14	14	12
Thu Sep 19 15:57:05 2024	1726775825	0	14	14	14
Thu Sep 19 15:57:05 2024	1726775825	0	14	14	14
Thu Sep 19 15:57:05 2024	1726775825	0	14	14	13
Thu Sep 19 15:57:05 2024	1726775825	0	14	14	14
Thu Sep 19 15:57:06 2024	1726775826	0	14	14	13
Thu Sep 19 15:57:05 2024	1726775825	0	14	14	13
Thu Sep 19 15:57:06 2024	1726775826	0	14	14	14
Thu Sep 19 15:57:06 2024	1726775826	0	14	14	12
Thu Sep 19 15:57:06 2024	1726775826	0	14	14	13
Thu Sep 19 15:57:06 2024	1726775826	0	14	14	14
Thu Sep 19 15:57:06 2024	1726775826	0	14	14	14
Thu Sep 19 15:57:05 2024	1726775825	0	14	14	13
Thu Sep 19 15:57:06 2024	1726775826	0	14	14	14
Thu Sep 19 15:57:06 2024	1726775826	0	14	14	14
Thu Sep 19 15:57:06 2024	1726775826	0	14	14	14
Thu Sep 19 15:57:05 2024	1726775825	2	12	14	12
Thu Sep 19 15:57:06 2024	1726775826	0	14	14	14
Thu Sep 19 15:57:05 2024	1726775825	0	14	14	14
Thu Sep 19 15:57:05 2024	1726775825	0	14	14	14
Thu Sep 19 15:57:06 2024	1726775826	0	14	14	14
Thu Sep 19 15:57:06 2024	1726775826	0	14	14	14
Thu Sep 19 15:57:06 2024	1726775826	0	14	14	14
Thu Sep 19 15:57:06 2024	1726775826	0	14	14	14
Thu Sep 19 15:57:05 2024	1726775825	0	14	14	14
Thu Sep 19 15:57:06 2024	1726775826	0	14	14	14
Thu Sep 19 15:57:06 2024	1726775826	0	14	14	14
Thu Sep 19 15:57:05 2024	1726775825	0	14	14	14
Thu Sep 19 15:57:06 2024	1726775826	2	12	14	12
Thu Sep 19 15:57:05 2024	1726775825	0	14	14	14
Thu Sep 19 15:57:05 2024	1726775825	0	14	14	14
Thu Sep 19 15:57:05 2024	1726775825	0	14	14	14
Thu Sep 19 15:57:06 2024	1726775826	0	14	14	14
Thu Sep 19 15:57:05 2024	1726775825	0	14	14	14
Thu Sep 19 15:57:06 2024	1726775826	0	14	14	14
Thu Sep 19 15:57:06 2024	1726775826	0	14	14	14
Thu Sep 19 15:57:05 2024	1726775825	0	14	14	14
Thu Sep 19 15:57:05 2024	1726775825	0	14	15	14
Thu Sep 19 15:57:05 2024	1726775825	0	14	15	14
Thu Sep 19 15:57:06 2024	1726775826	0	14	15	14
Thu Sep 19 15:57:06 2024	1726775826	0	14	15	14
Thu Sep 19 15:57:05 2024	1726775825	0	15	15	14
Thu Sep 19 15:57:05 2024	1726775825	0	14	15	14
Thu Sep 19 15:57:05 2024	1726775825	0	15	15	14
Thu Sep 19 15:57:06 2024	1726775826	0	15	15	14
Thu Sep 19 15:57:06 2024	1726775826	0	14	15	14
Thu Sep 19 15:57:05 2024	1726775825	0	15	15	13
Thu Sep 19 15:57:06 2024	1726775826	0	15	15	14
Thu Sep 19 15:57:05 2024	1726775825	0	15	15	14
Thu Sep 19 15:57:06 2024	1726775826	0	15	15	14
Thu Sep 19 15:57:05 2024	1726775825	0	15	15	14
Thu Sep 19 15:57:05 2024	1726775825	0	15	15	14
Thu Sep 19 15:57:05 2024	1726775825	0	15	15	15
Thu Sep 19 15:57:06 2024	1726775826	0	15	15	14
Thu Sep 19 15:57:05 2024	1726775825	0	15	15	15
Thu Sep 19 15:57:05 2024	1726775825	0	15	15	15
Thu Sep 19 15:57:06 2024	1726775826	0	15	15	15
Thu Sep 19 15:57:06 2024	1726775826	0	15	15	14
Thu Sep 19 15:57:05 2024	1726775825	0	15	15	15
Thu Sep 19 15:57:06 2024	1726775826	0	15	15	15
Thu Sep 19 15:57:06 2024	1726775826	0	15	15	15
Thu Sep 19 15:57:06 2024	1726775826	0	15	15	14
Thu Sep 19 15:57:05 2024	1726775825	0	15	15	15
Thu Sep 19 15:57:05 2024	1726775825	0	15	15	15
Thu Sep 19 15:57:06 2024	1726775826	0	15	15	15
Thu Sep 19 15:57:05 2024	1726775825	2	13	15	13
Thu Sep 19 15:57:06 2024	1726775826	0	15	15	15
Thu Sep 19 15:57:06 2024	1726775826	0	15	15	15
Thu Sep 19 15:57:05 2024	1726775825	0	15	15	15
Thu Sep 19 15:57:06 2024	1726775826	0	15	15	15
Thu Sep 19 15:57:05 2024	1726775825	0	15	15	15
Thu Sep 19 15:57:06 2024	1726775826	0	15	15	15
Thu Sep 19 15:57:06 2024	1726775826	0	15	15	15
Thu Sep 19 15:57:05 2024	1726775825	0	15	15	15
Thu Sep 19 15:57:05 2024	1726775825	0	15	15	15
Thu Sep 19 15:57:06 2024	1726775826	0	15	15	15
Thu Sep 19 15:57:05 2024	1726775825	0	15	15	15
Thu Sep 19 15:57:05 2024	1726775825	0	15	15	15
Thu Sep 19 15:57:05 2024	1726775825	0	15	15	14
Thu Sep 19 15:57:06 2024	1726775826	0	15	15	15
Thu Sep 19 15:57:06 2024	1726775826	0	15	15	15
Thu Sep 19 15:57:06 2024	1726775826	0	15	15	15
Thu Sep 19 15:57:05 2024	1726775825	0	15	15	15
Thu Sep 19 15:57:06 2024	1726775826	0	15	16	15
Thu Sep 19 15:57:05 2024	1726775825	0	15	16	15
Thu Sep 19 15:57:06 2024	1726775826	0	16	16	14
Thu Sep 19 15:57:05 2024	1726775825	0	16	16	15
Thu Sep 19 15:57:06 2024	1726775826	0	16	16	16
Thu Sep 19 15:57:06 2024	1726775826	0	16	16	15
Thu Sep 19 15:57:06 2024	1726775826	0	16	16	16
Thu Sep 19 15:57:06 2024	1726775826	0	16	16	16
Thu Sep 19 15:57:06 2024	1726775826	0	16	16	14
Thu Sep 19 15:57:05 2024	1726775825	0	16	16	15
Thu Sep 19 15:57:05 2024	1726775825	0	16	16	15
Thu Sep 19 15:57:05 2024	1726775825	0	16	16	16
Thu Sep 19 15:57:05 2024	1726775825	0	16	16	13
Thu Sep 19 15:57:05 2024	1726775825	0	16	16	16
Thu Sep 19 15:57:05 2024	1726775825	0	16	16	16
Thu Sep 19 15:57:05 2024	1726775825	0	16	16	14
Thu Sep 19 15:57:05 2024	1726775825	0	16	16	16
Thu Sep 19 15:57:06 2024	1726775826	0	16	16	13
Thu Sep 19 15:57:06 2024	1726775826	0	16	16	14
Thu Sep 19 15:57:05 2024	1726775825	0	16	16	16
Thu Sep 19 15:57:06 2024	1726775826	0	16	16	16
Thu Sep 19 15:57:06 2024	1726775826	0	16	16	16
Thu Sep 19 15:57:06 2024	1726775826	0	16	16	16
Thu Sep 19 15:57:05 2024	1726775825	0	16	16	16
Thu Sep 19 15:57:06 2024	1726775826	0	16	16	16
Thu Sep 19 15:57:06 2024	1726775826	0	16	16	16
Thu Sep 19 15:57:06 2024	1726775826	0	16	16	16
Thu Sep 19 15:57:06 2024	1726775826	0	16	16	16
Thu Sep 19 15:57:06 2024	1726775826	0	16	16	16
Thu Sep 19 15:57:06 2024	1726775826	0	16	16	16
Thu Sep 19 15:57:05 2024	1726775825	0	16	16	16
Thu Sep 19 15:57:06 2024	1726775826	0	16	16	16
Thu Sep 19 15:57:06 2024	1726775826	0	16	16	16
Thu Sep 19 15:57:06 2024	1726775826	0	16	16	16
Thu Sep 19 15:57:05 2024	1726775825	0	16	16	16
Thu Sep 19 15:57:06 2024	1726775826	0	16	16	16
Thu Sep 19 15:57:06 2024	1726775826	0	16	16	16
Thu Sep 19 15:57:06 2024	1726775826	0	16	16	16
Thu Sep 19 15:57:05 2024	1726775825	2	15	16	15
Thu Sep 19 15:57:05 2024	1726775825	0	16	17	16
Thu Sep 19 15:57:06 2024	1726775826	0	17	17	16
Thu Sep 19 15:57:05 2024	1726775825	0	17	17	16
Thu Sep 19 15:57:06 2024	1726775826	0	17	17	16
Thu Sep 19 15:57:06 2024	1726775826	0	16	17	16
Thu Sep 19 15:57:06 2024	1726775826	0	17	17	16
Thu Sep 19 15:57:06 2024	1726775826	0	16	17	16
Thu Sep 19 15:57:06 2024	1726775826	0	17	17	17
Thu Sep 19 15:57:05 2024	1726775825	0	17	17	17
Thu Sep 19 15:57:06 2024	1726775826	0	17	17	17
Thu Sep 19 15:57:06 2024	1726775826	0	17	17	16
Thu Sep 19 15:57:06 2024	1726775826	0	17	17	17
Thu Sep 19 15:57:05 2024	1726775825	0	17	17	17
Thu Sep 19 15:57:06 2024	1726775826	0	17	17	17
Thu Sep 19 15:57:06 2024	1726775826	0	17	17	17
Thu Sep 19 15:57:05 2024	1726775825	0	17	17	17
Thu Sep 19 15:57:06 2024	1726775826	0	17	17	17
Thu Sep 19 15:57:06 2024	1726775826	0	17	17	17
Thu Sep 19 15:57:06 2024	1726775826	0	17	17	17
Thu Sep 19 15:57:05 2024	1726775825	0	17	17	11
Thu Sep 19 15:57:05 2024	1726775825	0	17	17	17
Thu Sep 19 15:57:06 2024	1726775826	0	17	17	17
Thu Sep 19 15:57:06 2024	1726775826	0	17	17	17
Thu Sep 19 15:57:06 2024	1726775826	0	17	17	17
Thu Sep 19 15:57:06 2024	1726775826	0	17	17	16
Thu Sep 19 15:57:06 2024	1726775826	0	17	17	17
Thu Sep 19 15:57:06 2024	1726775826	0	17	18	17
Thu Sep 19 15:57:05 2024	1726775825	0	17	18	17
Thu Sep 19 15:57:05 2024	1726775825	0	17	18	16
Thu Sep 19 15:57:06 2024	1726775826	0	17	18	17
Thu Sep 19 15:57:06 2024	1726775826	0	18	18	17
Thu Sep 19 15:57:05 2024	1726775825	0	18	18	17
Thu Sep 19 15:57:05 2024	1726775825	0	18	18	16
Thu Sep 19 15:57:05 2024	1726775825	2	16	18	16
Thu Sep 19 15:57:06 2024	1726775826	0	18	18	17
Thu Sep 19 15:57:06 2024	1726775826	0	18	18	18
Thu Sep 19 15:57:06 2024	1726775826	0	18	18	18
Thu Sep 19 15:57:06 2024	1726775826	0	18	18	18
Thu Sep 19 15:57:06 2024	1726775826	0	18	18	18
Thu Sep 19 15:57:06 2024	1726775826	0	18	18	18
Thu Sep 19 15:57:06 2024	1726775826	0	18	18	15
Thu Sep 19 15:57:05 2024	1726775825	0	18	18	18
Thu Sep 19 15:57:05 2024	1726775825	0	18	18	18
Thu Sep 19 15:57:06 2024	1726775826	0	18	19	15
Thu Sep 19 15:57:06 2024	1726775826	0	19	19	18
Thu Sep 19 15:57:06 2024	1726775826	0	18	19	18
Thu Sep 19 15:57:06 2024	1726775826	0	18	19	18
Thu Sep 19 15:57:05 2024	1726775825	0	19	19	18
Thu Sep 19 15:57:06 2024	1726775826	0	19	19	17
Thu Sep 19 15:57:05 2024	1726775825	0	19	19	18
Thu Sep 19 15:57:06 2024	1726775826	0	19	19	18
Thu Sep 19 15:57:06 2024	1726775826	0	19	19	19
Thu Sep 19 15:57:05 2024	1726775825	0	19	19	19
Thu Sep 19 15:57:05 2024	1726775825	0	19	19	19
Thu Sep 19 15:57:06 2024	1726775826	0	19	19	19
Thu Sep 19 15:57:06 2024	1726775826	0	19	19	19
Thu Sep 19 15:57:05 2024	1726775825	0	19	19	19
Thu Sep 19 15:57:06 2024	1726775826	0	19	19	19
Thu Sep 19 15:57:06 2024	1726775826	0	19	19	19
Thu Sep 19 15:57:05 2024	1726775825	0	19	19	19
Thu Sep 19 15:57:05 2024	1726775825	0	19	19	19
Thu Sep 19 15:57:06 2024	1726775826	0	19	19	19
Thu Sep 19 15:57:05 2024	1726775825	0	19	19	19
Thu Sep 19 15:57:05 2024	1726775825	0	19	19	19
Thu Sep 19 15:57:06 2024	1726775826	0	19	19	19
Thu Sep 19 15:57:05 2024	1726775825	0	19	19	19
Thu Sep 19 15:57:06 2024	1726775826	0	19	19	19
Thu Sep 19 15:57:06 2024	1726775826	0	19	20	19
Thu Sep 19 15:57:06 2024	1726775826	0	19	20	19
Thu Sep 19 15:57:05 2024	1726775825	0	20	20	19
Thu Sep 19 15:57:06 2024	1726775826	0	20	20	19
Thu Sep 19 15:57:06 2024	1726775826	0	19	20	19
Thu Sep 19 15:57:06 2024	1726775826	0	20	20	19
Thu Sep 19 15:57:06 2024	1726775826	0	20	20	20
Thu Sep 19 15:57:06 2024	1726775826	0	20	20	20
Thu Sep 19 15:57:06 2024	1726775826	0	20	20	20
Thu Sep 19 15:57:06 2024	1726775826	0	20	20	20
Thu Sep 19 15:57:06 2024	1726775826	0	20	21	20
Thu Sep 19 15:57:06 2024	1726775826	0	20	21	20
Thu Sep 19 15:57:06 2024	1726775826	0	20	21	20
Thu Sep 19 15:57:05 2024	1726775825	0	21	21	21
Thu Sep 19 15:57:06 2024	1726775826	0	21	21	21
Thu Sep 19 15:57:06 2024	1726775826	0	21	21	21
Thu Sep 19 15:57:05 2024	1726775825	0	21	21	21
Thu Sep 19 15:57:06 2024	1726775826	0	21	21	19
Thu Sep 19 15:57:06 2024	1726775826	0	21	21	21
Thu Sep 19 15:57:05 2024	1726775825	0	21	21	21
Thu Sep 19 15:57:05 2024	1726775825	0	21	21	21
Thu Sep 19 15:57:06 2024	1726775826	0	21	21	21
Thu Sep 19 15:57:06 2024	1726775826	0	21	21	21
Thu Sep 19 15:57:05 2024	1726775825	0	21	21	21
Thu Sep 19 15:57:06 2024	1726775826	0	21	22	21
Thu Sep 19 15:57:05 2024	1726775825	0	22	22	20
Thu Sep 19 15:57:06 2024	1726775826	0	22	22	21
Thu Sep 19 15:57:06 2024	1726775826	0	22	22	22
Thu Sep 19 15:57:05 2024	1726775825	0	22	22	19
Thu Sep 19 15:57:06 2024	1726775826	0	22	22	22
Thu Sep 19 15:57:06 2024	1726775826	0	22	22	22
Thu Sep 19 15:57:06 2024	1726775826	0	23	23	22
Thu Sep 19 15:57:06 2024	1726775826	0	23	23	22
Thu Sep 19 15:57:06 2024	1726775826	0	23	23	23
Thu Sep 19 15:57:06 2024	1726775826	0	23	23	23
Thu Sep 19 15:57:06 2024	1726775826	0	23	23	22
Thu Sep 19 15:57:05 2024	1726775825	0	23	23	23
Thu Sep 19 15:57:05 2024	1726775825	0	23	23	23
Thu Sep 19 15:57:05 2024	1726775825	0	24	24	24
Thu Sep 19 15:57:06 2024	1726775826	0	24	24	24
Thu Sep 19 15:57:05 2024	1726775825	0	24	24	24
Thu Sep 19 15:57:06 2024	1726775826	0	24	24	24
Thu Sep 19 15:57:05 2024	1726775825	0	24	24	24
Thu Sep 19 15:57:06 2024	1726775826	0	24	24	24
Thu Sep 19 15:57:06 2024	1726775826	0	24	25	24
Thu Sep 19 15:57:06 2024	1726775826	0	25	25	24
Thu Sep 19 15:57:05 2024	1726775825	0	25	25	25
Thu Sep 19 15:57:06 2024	1726775826	0	25	25	25
Thu Sep 19 15:57:06 2024	1726775826	0	25	25	25
Thu Sep 19 15:57:06 2024	1726775826	0	25	25	25
Thu Sep 19 15:57:05 2024	1726775825	0	25	25	25
Thu Sep 19 15:57:06 2024	1726775826	0	25	25	24
Thu Sep 19 15:57:06 2024	1726775826	1	24	25	24
Thu Sep 19 15:57:06 2024	1726775826	0	25	25	25
Thu Sep 19 15:57:06 2024	1726775826	0	25	25	25
Thu Sep 19 15:57:06 2024	1726775826	0	26	26	25
Thu Sep 19 15:57:06 2024	1726775826	0	26	26	26
Thu Sep 19 15:57:06 2024	1726775826	0	26	27	26
Thu Sep 19 15:57:05 2024	1726775825	1	26	27	26
Thu Sep 19 15:57:06 2024	1726775826	0	28	28	27
Thu Sep 19 15:57:06 2024	1726775826	0	28	28	28
Thu Sep 19 15:57:06 2024	1726775826	0	28	29	28
Thu Sep 19 15:57:06 2024	1726775826	0	29	29	29
Thu Sep 19 15:57:06 2024	1726775826	0	29	29	29
Thu Sep 19 15:57:06 2024	1726775826	0	29	29	29
Thu Sep 19 15:57:05 2024	1726775825	0	29	29	29
Thu Sep 19 15:57:05 2024	1726775825	0	29	29	29
Thu Sep 19 15:57:06 2024	1726775826	0	30	30	30
Thu Sep 19 15:57:05 2024	1726775825	0	30	30	30
Thu Sep 19 15:57:06 2024	1726775826	0	30	30	30
Thu Sep 19 15:57:06 2024	1726775826	0	31	31	30
Thu Sep 19 15:57:05 2024	1726775825	0	31	31	31
Thu Sep 19 15:57:05 2024	1726775825	0	31	31	31
Thu Sep 19 15:57:05 2024	1726775825	0	31	31	31
Thu Sep 19 15:57:05 2024	1726775825	0	31	32	31
Thu Sep 19 15:57:06 2024	1726775826	0	31	32	31
Thu Sep 19 15:57:05 2024	1726775825	0	32	32	31
Thu Sep 19 15:57:06 2024	1726775826	0	32	33	32
Thu Sep 19 15:57:05 2024	1726775825	0	33	33	33
Thu Sep 19 15:57:06 2024	1726775826	0	34	34	34
Thu Sep 19 15:57:06 2024	1726775826	0	35	35	34
Thu Sep 19 15:57:06 2024	1726775826	0	39	39	39
Thu Sep 19 15:57:06 2024	1726775826	0	40	40	39
Thu Sep 19 15:57:06 2024	1726775826	0	40	40	40
Thu Sep 19 15:57:06 2024	1726775826	0	45	45	42
Thu Sep 19 15:57:05 2024	1726775825	0	97	98	93
